#f,epsilon1,epsilon2
389.9641241,0.599371877,0.797099974
391.0767741,0.59965157,0.794421122
392.1894242,0.599924901,0.791579609
393.3020743,0.600193781,0.788589877
394.4147244,0.600460116,0.785466371
395.5273745,0.600725816,0.782223536
396.6400246,0.60099279,0.778875817
397.7526747,0.601262947,0.775437656
398.8653248,0.601538194,0.7719235
399.9779749,0.601820441,0.768347793
401.0906249,0.602111597,0.764724978
402.203275,0.602413571,0.7610695
403.3159251,0.60272827,0.757395804
404.4285752,0.603057604,0.753718334
405.5412253,0.603403482,0.750051535
406.6538754,0.603767812,0.74640985
407.7665255,0.604152502,0.742807725
408.8791756,0.604559463,0.739259604
409.9918256,0.604990602,0.73577993
411.1044757,0.605447828,0.732383149
412.2171258,0.60593305,0.729081224
413.3297759,0.606448176,0.725872665
414.442426,0.606995116,0.722751443
415.5550761,0.607575778,0.719711527
416.6677262,0.60819207,0.716746884
417.7803763,0.608845902,0.713851485
418.8930263,0.609539183,0.711019295
420.0056764,0.61027382,0.708244284
421.1183265,0.611051723,0.705520421
422.2309766,0.6118748,0.702841672
423.3436267,0.61274496,0.700202007
424.4562768,0.613663358,0.697595394
425.5689269,0.614624557,0.695015801
426.681577,0.615619723,0.692457197
427.7942271,0.61663999,0.689913549
428.9068771,0.617676494,0.687378826
430.0195272,0.61872037,0.684847716
431.1321773,0.619762754,0.682319716
432.2448274,0.620794782,0.679796292
433.3574775,0.621807589,0.677278914
434.4701276,0.622792311,0.674769054
435.5827777,0.623740083,0.672268184
436.6954278,0.62464204,0.669777775
437.8080778,0.625489881,0.667299298
438.9207279,0.626281784,0.664834225
440.033378,0.627020089,0.662384027
441.1460281,0.627707204,0.659950175
442.2586782,0.628345536,0.657534141
443.3713283,0.628937492,0.655137397
444.4839784,0.62948548,0.652761413
445.5966285,0.629991907,0.650407773
446.7092785,0.630459182,0.648078983
447.8219286,0.63088971,0.645777998
448.9345787,0.631285901,0.643507779
450.0472288,0.631650161,0.641271285
451.1598789,0.631984897,0.639071475
452.272529,0.632292518,0.636911309
453.3851791,0.63257543,0.634793746
454.4978292,0.632836041,0.632721745
455.6104793,0.633076797,0.630698266
456.7231293,0.633300857,0.628726268
457.8357794,0.633512023,0.626808712
458.9484295,0.63371412,0.624947735
460.0610796,0.633910972,0.623137238
461.1737297,0.634106404,0.62136636
462.2863798,0.63430424,0.619624184
463.3990299,0.634508306,0.617899792
464.51168,0.634722425,0.616182266
465.62433,0.634950423,0.614460689
466.7369801,0.635196123,0.612724143
467.8496302,0.635463351,0.610961709
468.9622803,0.635755931,0.609162471
470.0749304,0.636077687,0.60731551
471.1875805,0.636432445,0.60540991
472.3002306,0.636824028,0.603434751
473.4128807,0.637256181,0.601379116
474.5255308,0.637729582,0.599232089
475.6381808,0.638240976,0.59698275
476.7508309,0.638786846,0.59462132
477.863481,0.63936368,0.592153735
478.9761311,0.639967961,0.589597384
480.0887812,0.640596175,0.586969921
481.2014313,0.641244809,0.584288996
482.3140814,0.641910346,0.581572261
483.4267315,0.642589272,0.578837366
484.5393815,0.643278073,0.576101964
485.6520316,0.643973234,0.573383705
486.7646817,0.64467124,0.570700241
487.8773318,0.645368576,0.568068572
488.9899819,0.646061728,0.565495698
490.102632,0.646747182,0.562980792
491.2152821,0.647421437,0.560522817
492.3279322,0.648082384,0.558120738
493.4405822,0.648730341,0.555773517
494.5532323,0.649365877,0.553480119
495.6658824,0.649989557,0.551239508
496.7785325,0.65060195,0.549050646
497.8911826,0.651203621,0.546912498
499.0038327,0.651795138,0.544824027
500.1164828,0.652377068,0.542784197
501.2291329,0.652949977,0.540791954
502.341783,0.653514432,0.538845937
503.454433,0.654071002,0.536944515
504.5670831,0.654620251,0.53508605
505.6797332,0.655162747,0.5332689
506.7923833,0.655699058,0.531491427
507.9050334,0.65622975,0.529751992
509.0176835,0.656755389,0.528048955
510.1303336,0.657276309,0.526380677
511.2429837,0.657792282,0.524745518
512.3556337,0.658302993,0.52314184
513.4682838,0.658808131,0.521568001
514.5809339,0.659307382,0.520022364
515.693584,0.659800433,0.518503288
516.8062341,0.660286971,0.517009135
517.9188842,0.660766684,0.515538265
519.0315343,0.661239257,0.514089038
520.1441844,0.661704378,0.512659815
521.2568345,0.662161735,0.511248888
522.3694845,0.662611014,0.509852659
523.4821346,0.663052561,0.508465446
524.5947847,0.663488799,0.507081459
525.7074348,0.663922559,0.505694908
526.8200849,0.664356674,0.504300003
527.932735,0.664793973,0.502890956
529.0453851,0.665237289,0.501461975
530.1580352,0.665689453,0.500007272
531.2706852,0.666153296,0.498521057
532.3833353,0.666631649,0.496997539
533.4959854,0.667127345,0.495430931
534.6086355,0.667643213,0.493815441
535.7212856,0.668182086,0.49214528
536.8339357,0.668744959,0.490414831
537.9465858,0.669325245,0.488625671
539.0592359,0.669914403,0.486788998
540.1718859,0.67050389,0.484916683
541.284536,0.671085161,0.483020595
542.3971861,0.671649676,0.481112606
543.5098362,0.672188891,0.479204586
544.6224863,0.672694263,0.477308405
545.7351364,0.673157249,0.475435934
546.8477865,0.673569307,0.473599044
547.9604366,0.673924238,0.471809604
549.0730867,0.674227865,0.470079485
550.1857367,0.674489857,0.468420558
551.2983868,0.674719885,0.466844694
552.4110369,0.674927618,0.465363598
553.523687,0.675122728,0.463979268
554.6363371,0.675314885,0.462678723
555.7489872,0.675513758,0.461447699
556.8616373,0.675729019,0.460271932
557.9742874,0.675970338,0.459137158
559.0869374,0.67624595,0.458029115
560.1995875,0.676554611,0.45693354
561.3122376,0.676891236,0.455836168
562.4248877,0.677250725,0.454722736
563.5375378,0.677627982,0.453578981
564.6501879,0.678017908,0.452390639
565.762838,0.678415405,0.451143448
566.8754881,0.678815376,0.449823144
567.9881382,0.679212723,0.448415462
569.1007882,0.679602348,0.446906141
570.2134383,0.679979817,0.445281007
571.3260884,0.680346312,0.443537198
572.4387385,0.680705839,0.441693938
573.5513886,0.681062429,0.439773012
574.6640387,0.681420109,0.437796202
575.7766888,0.681782908,0.435785292
576.8893389,0.682154856,0.433762065
578.0019889,0.68253998,0.431748305
579.114639,0.682942309,0.429765793
580.2272891,0.683365873,0.427836314
581.3399392,0.6838147,0.425981599
582.4525893,0.684292818,0.42421491
583.5652394,0.684803817,0.422531682
584.6778895,0.685346198,0.420925093
585.7905396,0.685915196,0.419388322
586.9031896,0.686505989,0.417914547
588.0158397,0.687113757,0.416496947
589.1284898,0.687733678,0.4151287
590.2411399,0.688360933,0.413802986
591.35379,0.6889907,0.412512982
592.4664401,0.689618159,0.411251867
593.5790902,0.690238488,0.41001282
594.6917403,0.690846868,0.408789019
595.8043904,0.691438476,0.407573644
596.9170404,0.692008494,0.406359872
598.0296905,0.692552099,0.405140883
599.1423406,0.693064719,0.403909854
600.2549907,0.693545883,0.402659965
601.3676408,0.693998502,0.401384394
602.4802909,0.694425586,0.400076319
603.592941,0.694830145,0.398728926
604.7055911,0.695215189,0.397338816
605.8182411,0.69558373,0.395911858
606.9308912,0.695938777,0.394455469
608.0435413,0.696283342,0.392977069
609.1561914,0.696620433,0.391484079
610.2688415,0.696953063,0.389983916
611.3814916,0.697284241,0.388484
612.4941417,0.697616978,0.386991751
613.6067918,0.697954285,0.385514587
614.7194419,0.698299104,0.384059929
615.8320919,0.698652596,0.382635196
616.944742,0.699013998,0.381247805
618.0573921,0.699382449,0.379903096
619.1700422,0.699757091,0.378599981
620.2826923,0.700137064,0.377336132
621.3953424,0.700521508,0.376109224
622.5079925,0.700909563,0.374916927
623.6206426,0.70130037,0.373756917
624.7332926,0.701693069,0.372626865
625.8459427,0.702086802,0.371524444
626.9585928,0.702480707,0.370447329
628.0712429,0.702873926,0.36939319
629.183893,0.703265599,0.368359702
630.2965431,0.703654866,0.367344538
631.4091932,0.704040868,0.36634537
632.5218433,0.704422757,0.365359872
633.6344933,0.704800334,0.364385716
634.7471434,0.70517435,0.363420575
635.8597935,0.705545633,0.362462123
636.9724436,0.70591501,0.361508032
638.0850937,0.706283309,0.360555976
639.1977438,0.706651357,0.359603627
640.3103939,0.707019981,0.358648658
641.423044,0.70739001,0.357688743
642.5356941,0.70776227,0.356721554
643.6483441,0.708137588,0.355744764
644.7609942,0.708516794,0.354756531
645.8736443,0.708900713,0.353757158
646.9862944,0.709290174,0.352747543
648.0989445,0.709686004,0.351728587
649.2115946,0.71008903,0.350701187
650.3242447,0.71050008,0.349666243
651.4368948,0.710919981,0.348624653
652.5495448,0.711349561,0.347577316
653.6621949,0.711789648,0.34652513
654.774845,0.712241068,0.345468995
655.8874951,0.712704649,0.344409809
657.0001452,0.713181216,0.343348471
658.1127953,0.71367081,0.34228588
659.2254454,0.714171712,0.341222935
660.3380955,0.714681961,0.340160534
661.4507456,0.715199594,0.339099576
662.5633956,0.715722651,0.338041003
663.6760457,0.716249169,0.33698599
664.7886958,0.716777187,0.335935797
665.9013459,0.717304744,0.334891684
667.013996,0.717829877,0.33385491
668.1266461,0.718350627,0.332826733
669.2392962,0.71886503,0.331808414
670.3519463,0.719371125,0.33080121
671.4645963,0.719866951,0.329806382
672.5772464,0.720350546,0.328825189
673.6898965,0.720819949,0.32785889
674.8025466,0.721273198,0.326908744
675.9151967,0.721708332,0.32597601
677.0278468,0.722123388,0.325061948
678.1404969,0.722516406,0.324167817
679.253147,0.722885424,0.323294875
680.365797,0.72322848,0.322443734
681.4784471,0.723543613,0.321610377
682.5910972,0.723829816,0.320788778
683.7037473,0.724089383,0.319972904
684.8163974,0.724325321,0.319156722
685.9290475,0.724540637,0.318334198
687.0416976,0.724738338,0.317499298
688.1543477,0.724921432,0.316645989
689.2669978,0.725092924,0.315768238
690.3796478,0.725255823,0.31486001
691.4922979,0.725413134,0.313915273
692.604948,0.725567865,0.312927992
693.7175981,0.725723024,0.311892135
694.8302482,0.725881616,0.310801667
695.9428983,0.726046649,0.309650556
697.0555484,0.726221131,0.308432767
698.1681985,0.726408067,0.307143422
699.2808485,0.726610465,0.30578824
700.3934986,0.726831332,0.30437864
701.5061487,0.727073675,0.302926098
702.6187988,0.727339951,0.301442089
703.7314489,0.727629718,0.299938087
704.844099,0.72794158,0.298425567
705.9567491,0.728274142,0.296916004
707.0693992,0.728626008,0.295420873
708.1820493,0.728995781,0.293951648
709.2946993,0.729382065,0.292519805
710.4073494,0.729783466,0.291136818
711.5199995,0.730198586,0.289814162
712.6326496,0.73062603,0.288563312
713.7452997,0.731064401,0.287394798
714.8579498,0.731512305,0.286309415
715.9705999,0.731968344,0.285302216
717.08325,0.732431124,0.284368181
718.1959,0.732899247,0.28350229
719.3085501,0.733371319,0.282699521
720.4212002,0.733845943,0.281954856
721.5338503,0.734321723,0.281263272
722.6465004,0.734797263,0.280619751
723.7591505,0.735271167,0.280019271
724.8718006,0.73574204,0.279456812
725.9844507,0.736208485,0.278927354
727.0971007,0.736669106,0.278425876
728.2097508,0.737122508,0.277947358
729.3224009,0.737567411,0.27748678
730.435051,0.738003551,0.277039121
731.5477011,0.738431193,0.276599361
732.6603512,0.738850607,0.27616248
733.7730013,0.739262061,0.275723637
734.8856514,0.739665825,0.275280695
735.9983015,0.740062168,0.2748336
737.1109515,0.740451359,0.274382352
738.2236016,0.740833668,0.273926948
739.3362517,0.741209363,0.273467389
740.4489018,0.741578714,0.273003673
741.5615519,0.74194199,0.2725358
742.674202,0.74229946,0.272063768
743.7868521,0.742651393,0.271587577
744.8995022,0.742998058,0.271107226
746.0121522,0.743339726,0.270622715
747.1248023,0.743676664,0.270134041
748.2374524,0.744009142,0.269641205
749.3501025,0.744337429,0.269144205
750.4627526,0.744661795,0.26864304
751.5754027,0.744982509,0.268137711
752.6880528,0.745299839,0.267628215
753.8007029,0.745614055,0.267114552
754.913353,0.745925426,0.266596721
756.026003,0.746234222,0.266074722
757.1386531,0.746540711,0.265548552
758.2513032,0.746845162,0.265018213
759.3639533,0.747147846,0.264483701
760.4766034,0.74744903,0.263945018
761.5892535,0.747748985,0.263402161
762.7019036,0.74804798,0.262855131
763.8145537,0.748346282,0.262303925
764.9272037,0.748644163,0.261748544
766.0398538,0.748941891,0.261188986
767.1525039,0.749239734,0.260625251
768.265154,0.749537964,0.260057337
769.3778041,0.749836847,0.259485244
770.4904542,0.750136655,0.258908971
771.6031043,0.750437655,0.258328516
772.7157544,0.750740117,0.25774388
773.8284044,0.751044311,0.257155062
774.9410545,0.751350505,0.256562059
776.0537046,0.751658968,0.255964872
777.1663547,0.751969971,0.2553635
778.2790048,0.752283781,0.254757941
779.3916549,0.752600669,0.254148196
780.504305,0.752920903,0.253534262
781.6169551,0.753244753,0.25291614
782.7296052,0.75357248,0.252293828
783.8422552,0.753904103,0.251667325
784.9549053,0.754239333,0.251036631
786.0675554,0.754577863,0.250401744
787.1802055,0.754919387,0.249762665
788.2928556,0.755263597,0.249119391
789.4055057,0.755610187,0.248471922
790.5181558,0.75595885,0.247820258
791.6308059,0.756309278,0.247164396
792.7434559,0.756661165,0.246504338
793.856106,0.757014204,0.24584008
794.9687561,0.757368088,0.245171624
796.0814062,0.75772251,0.244498967
797.1940563,0.758077162,0.243822109
798.3067064,0.758431739,0.24314105
799.4193565,0.758785929,0.242455787
800.5320066,0.759139417,0.241766321
801.6446566,0.759491886,0.24107265
802.7573067,0.75984302,0.240374774
803.8699568,0.760192501,0.239672692
804.9826069,0.760540015,0.238966402
806.095257,0.760885244,0.238255905
807.2079071,0.761227872,0.237541198
808.3205572,0.761567582,0.236822282
809.4332073,0.761904059,0.236099155
810.5458574,0.762236985,0.235371817
811.6585074,0.762566044,0.234640266
812.7711575,0.76289092,0.233904502
813.8838076,0.763211296,0.233164524
814.9964577,0.763526856,0.232420331
816.1091078,0.763837283,0.231671922
817.2217579,0.764142261,0.230919296
818.334408,0.764441474,0.230162452
819.4470581,0.764734605,0.22940139
820.5597081,0.76502134,0.228636109
821.6723582,0.765301982,0.227866608
822.7850083,0.765578258,0.227092885
823.8976584,0.765852097,0.226314941
825.0103085,0.766125424,0.225532773
826.1229586,0.766400167,0.224746382
827.2356087,0.766678253,0.223955766
828.3482588,0.766961609,0.223160925
829.4609089,0.767252163,0.222361858
830.5735589,0.767551841,0.221558563
831.686209,0.767862571,0.22075104
832.7988591,0.76818628,0.219939288
833.9115092,0.768524895,0.219123307
835.0241593,0.768880343,0.218303095
836.1368094,0.769254551,0.217478651
837.2494595,0.769649447,0.216650295
838.3621096,0.770066957,0.215819259
839.4747596,0.770508134,0.214986936
840.5874097,0.770971284,0.214154721
841.7000598,0.771454176,0.213324007
842.8127099,0.771954576,0.212496188
843.92536,0.772470254,0.211672659
845.0380101,0.772998977,0.210854812
846.1506602,0.773538514,0.210044043
847.2633103,0.774086633,0.209241744
848.3759603,0.774641101,0.20844931
849.4886104,0.775199687,0.207668135
850.6012605,0.775760159,0.206899612
851.7139106,0.776320285,0.206145136
852.8265607,0.776877833,0.205406101
853.9392108,0.777430571,0.2046839
855.0518609,0.777976267,0.203979927
856.164511,0.77851269,0.203295576
857.2771611,0.779037894,0.202631736
858.3898111,0.779551104,0.201987518
859.5024612,0.780051842,0.201361641
860.6151113,0.780539631,0.200752825
861.7277614,0.781013993,0.20015979
862.8404115,0.781474451,0.199581255
863.9530616,0.781920526,0.19901594
865.0657117,0.78235174,0.198462565
866.1783618,0.782767618,0.19791985
867.2910118,0.783167679,0.197386514
868.4036619,0.783551619,0.196861278
869.516312,0.783919951,0.19634286
870.6289621,0.784273443,0.195829981
871.7416122,0.784612857,0.19532136
872.8542623,0.784938961,0.194815718
873.9669124,0.785252517,0.194311773
875.0795625,0.785554293,0.193808246
876.1922126,0.785845052,0.193303856
877.3048626,0.786125559,0.192797566
878.4175127,0.786396581,0.192289457
879.5301628,0.78665888,0.191779935
880.6428129,0.786913224,0.191269406
881.755463,0.787160376,0.190758274
882.8681131,0.787401102,0.190246945
883.9807632,0.787636166,0.189735824
885.0934133,0.787866334,0.189225316
886.2060633,0.788092371,0.188715827
887.3187134,0.788315041,0.188207762
888.4313635,0.78853511,0.187701525
889.5440136,0.788753343,0.187197524
890.6566637,0.788970505,0.186696162
891.7693138,0.78918736,0.186197845
892.8819639,0.789404583,0.185702979
893.994614,0.789622146,0.185211968
895.107264,0.789839702,0.184725217
896.2199141,0.790056899,0.184243133
897.3325642,0.790273387,0.183766121
898.4452143,0.790488814,0.183294585
899.5578644,0.79070283,0.182828877
900.6705145,0.790915084,0.182369012
901.7831646,0.791125226,0.181914869
902.8958147,0.791332904,0.18146633
904.0084648,0.791537767,0.181023276
905.1211148,0.791739466,0.180585586
906.2337649,0.791937648,0.180153142
907.346415,0.792131964,0.179725824
908.4590651,0.792322062,0.179303513
909.5717152,0.792507592,0.178886089
910.6843653,0.792688293,0.178473434
911.7970154,0.792864908,0.178065428
912.9096655,0.793038814,0.177661951
914.0223155,0.793211395,0.177262884
915.1349656,0.793384034,0.176868109
916.2476157,0.793558118,0.176477505
917.3602658,0.79373503,0.176090953
918.4729159,0.793916154,0.175708334
919.585566,0.794102877,0.175329529
920.6982161,0.794296581,0.174954417
921.8108662,0.794498652,0.174582881
922.9235163,0.794710474,0.174214801
924.0361663,0.794933433,0.173850056
925.1488164,0.795168911,0.173488529
926.2614665,0.795418214,0.173130099
927.3741166,0.795681317,0.172774647
928.4867667,0.795957118,0.172422054
929.5994168,0.796244483,0.172072201
930.7120669,0.796542278,0.171724938
931.824717,0.796849367,0.171379807
932.937367,0.797164617,0.171036156
934.0500171,0.797486894,0.170693336
935.1626672,0.797815063,0.170350694
936.2753173,0.79814799,0.170007578
937.3879674,0.79848454,0.169663337
938.5006175,0.79882358,0.16931732
939.6132676,0.799163975,0.168968874
940.7259177,0.79950459,0.168617347
941.8385677,0.799844291,0.168262089
942.9512178,0.800181944,0.167902447
944.0638679,0.800516415,0.16753777
945.176518,0.80084657,0.167167406
946.2891681,0.801171273,0.166790703
947.4018182,0.801489392,0.16640701
948.5144683,0.80179979,0.166015675
949.6271184,0.802101335,0.165616046
950.7397685,0.802392917,0.165207472
951.8524185,0.802674218,0.1647893
952.9650686,0.802945841,0.16436094
954.0777187,0.803208441,0.163922785
955.1903688,0.803462672,0.163476036
956.3030189,0.80370919,0.163021915
957.415669,0.803948649,0.162561648
958.5283191,0.804181705,0.162096458
959.6409692,0.804409012,0.161627569
960.7536192,0.804631225,0.161156206
961.8662693,0.804849,0.160683592
962.9789194,0.805062991,0.160210952
964.0915695,0.805273853,0.159739509
965.2042196,0.805482242,0.159270488
966.3168697,0.805688811,0.158805112
967.4295198,0.805894216,0.158344606
968.5421699,0.806099112,0.157890194
969.65482,0.806304154,0.157443099
970.76747,0.806509997,0.157004546
971.8801201,0.806717295,0.156575759
972.9927702,0.806926704,0.156157929
974.1054203,0.807138879,0.15575145
975.2180704,0.807354474,0.155355891
976.3307205,0.807574145,0.154970779
977.4433706,0.807798546,0.154595643
978.5560207,0.808028332,0.154230013
979.6686707,0.808264155,0.153873417
980.7813208,0.808506326,0.153525385
981.8939709,0.808754524,0.153185445
983.006621,0.809008361,0.152853125
984.1192711,0.809267446,0.152527956
985.2319212,0.809531391,0.152209465
986.3445713,0.809799807,0.151897182
987.4572214,0.810072304,0.151590636
988.5698714,0.810348493,0.151289355
989.6825215,0.810627986,0.150992868
990.7951716,0.810910392,0.150700705
991.9078217,0.811195323,0.150412393
993.0204718,0.811482391,0.150127463
994.1331219,0.811771204,0.149845443
995.245772,0.812061375,0.14956586
996.3584221,0.812352514,0.149288197
997.4710722,0.812644232,0.149011873
998.5837222,0.81293614,0.148736299
999.6963723,0.813227849,0.148460891
1000.809022,0.81351897,0.14818506
1001.921673,0.813809112,0.147908221
1003.034323,0.814097888,0.147629786
1004.146973,0.814384909,0.14734917
1005.259623,0.814669784,0.147065785
1006.372273,0.814952125,0.146779045
1007.484923,0.815231674,0.146488362
1008.597573,0.815508542,0.146193151
1009.710223,0.815782907,0.145892825
1010.822873,0.816054945,0.145586797
1011.935523,0.816324834,0.145274481
1013.048173,0.81659275,0.144955289
1014.160823,0.816858871,0.144628635
1015.273474,0.817123373,0.144293933
1016.386124,0.817386434,0.143950596
1017.498774,0.81764823,0.143598037
1018.611424,0.817908939,0.143235669
1019.724074,0.818168738,0.14286291
1020.836724,0.818427803,0.142479763
1021.949374,0.818686312,0.142087377
1023.062024,0.818944442,0.141687039
1024.174674,0.819202369,0.141280034
1025.287324,0.81946027,0.140867648
1026.399974,0.819718324,0.140451167
1027.512625,0.819976706,0.140031876
1028.625275,0.820235593,0.139611062
1029.737925,0.820495164,0.139190008
1030.850575,0.820755594,0.138770002
1031.963225,0.821017061,0.13835233
1033.075875,0.821279741,0.137938275
1034.188525,0.821543745,0.137529125
1035.301175,0.82180888,0.137126165
1036.413825,0.822074873,0.136730681
1037.526475,0.822341448,0.136343958
1038.639125,0.822608332,0.135967282
1039.751776,0.82287525,0.135601936
1040.864426,0.823141927,0.135248489
1041.977076,0.823408089,0.134905682
1043.089726,0.823673462,0.134571975
1044.202376,0.823937771,0.134245826
1045.315026,0.824200742,0.133925693
1046.427676,0.824462099,0.133610035
1047.540326,0.824721569,0.133297311
1048.652976,0.824978878,0.132985979
1049.765626,0.82523375,0.132674497
1050.878276,0.825485911,0.132361324
1051.990926,0.825735087,0.132044919
1053.103577,0.825981003,0.131723739
1054.216227,0.826223385,0.131396244
1055.328877,0.826461958,0.131060892
1056.441527,0.826696448,0.130716141
1057.554177,0.826926581,0.13036045
1058.666827,0.827152144,0.129992839
1059.779477,0.827373358,0.129614171
1060.892127,0.827590618,0.129225681
1062.004777,0.82780432,0.128828609
1063.117427,0.828014862,0.128424191
1064.230077,0.82822264,0.128013666
1065.342728,0.82842805,0.127598269
1066.455378,0.82863149,0.12717924
1067.568028,0.828833356,0.126757816
1068.680678,0.829034045,0.126335234
1069.793328,0.829233954,0.125912731
1070.905978,0.829433479,0.125491546
1072.018628,0.829633017,0.125072916
1073.131278,0.829832965,0.124658078
1074.243928,0.830033719,0.124248271
1075.356578,0.830235676,0.12384473
1076.469228,0.830439233,0.123448506
1077.581878,0.830644787,0.123059868
1078.694529,0.830852734,0.122678884
1079.807179,0.831063471,0.122305624
1080.919829,0.831277394,0.121940157
1082.032479,0.831494901,0.12158255
1083.145129,0.831716388,0.121232874
1084.257779,0.831942251,0.120891196
1085.370429,0.832172852,0.120557586
1086.483079,0.83240813,0.120232112
1087.595729,0.832647763,0.119914844
1088.708379,0.832891421,0.11960585
1089.821029,0.833138776,0.119305198
1090.93368,0.8333895,0.119012958
1092.04633,0.833643264,0.118729199
1093.15898,0.833899738,0.118453989
1094.27163,0.834158596,0.118187398
1095.38428,0.834419508,0.117929493
1096.49693,0.834682146,0.117680344
1097.60958,0.834946181,0.11744002
1098.72223,0.835211285,0.117208589
1099.83488,0.835477128,0.116986121
1100.94753,0.835743384,0.116772683
1102.06018,0.836009723,0.116568346
1103.172831,0.836275816,0.116373018
1104.285481,0.836541335,0.116185632
1105.398131,0.836805952,0.116004751
1106.510781,0.837069338,0.115828936
1107.623431,0.837331165,0.115656749
1108.736081,0.837591103,0.115486751
1109.848731,0.837848825,0.115317504
1110.961381,0.838104002,0.11514757
1112.074031,0.838356312,0.11497551
1113.186681,0.83860559,0.114799885
1114.299331,0.838851813,0.114619258
1115.411981,0.839094962,0.11443219
1116.524632,0.839335021,0.114237243
1117.637282,0.839571973,0.114032978
1118.749932,0.839805799,0.113817957
1119.862582,0.840036484,0.113590741
1120.975232,0.840264009,0.113349893
1122.087882,0.840488357,0.113093973
1123.200532,0.840709511,0.112821813
1124.313182,0.840927454,0.112534608
1125.425832,0.841142167,0.112234772
1126.538482,0.841353635,0.111924732
1127.651132,0.841561839,0.111606913
1128.763783,0.841766762,0.111283741
1129.876433,0.841968388,0.110957642
1130.989083,0.842166698,0.110631042
1132.101733,0.842361675,0.110306367
1133.214383,0.842553302,0.109986042
1134.327033,0.842741562,0.109672493
1135.439683,0.842926437,0.109368147
1136.552333,0.84310791,0.109075428
1137.664983,0.843285964,0.108796763
1138.777633,0.843460581,0.108534363
1139.890283,0.843631745,0.108288009
1141.002934,0.843799436,0.108055948
1142.115584,0.84396364,0.107836404
1143.228234,0.844124337,0.107627599
1144.340884,0.844281511,0.107427756
1145.453534,0.84443515,0.107235099
1146.566184,0.844585503,0.107047851
1147.678834,0.844733229,0.106864234
1148.791484,0.844879021,0.106682472
1149.904134,0.84502357,0.106500788
1151.016784,0.845167571,0.106317404
1152.129434,0.845311714,0.106130545
1153.242084,0.845456693,0.105938432
1154.354735,0.845603201,0.105739363
1155.467385,0.845751929,0.105532776
1156.580035,0.845903571,0.105319012
1157.692685,0.846058818,0.105098433
1158.805335,0.846218364,0.104871404
1159.917985,0.846382901,0.10463829
1161.030635,0.84655312,0.104399453
1162.143285,0.84672939,0.104155258
1163.255935,0.846911451,0.103906069
1164.368585,0.847098964,0.10365225
1165.481235,0.847291593,0.103394165
1166.593886,0.847489,0.103132178
1167.706536,0.847690849,0.102866653
1168.819186,0.847896802,0.102597953
1169.931836,0.848106522,0.102326444
1171.044486,0.848319673,0.102052488
1172.157136,0.848535916,0.101776451
1173.269786,0.848754915,0.101498695
1174.382436,0.848976332,0.101219591
1175.495086,0.849199831,0.100939664
1176.607736,0.849425074,0.100659596
1177.720386,0.849651725,0.100380074
1178.833037,0.849879446,0.100101789
1179.945687,0.850107899,0.099825429
1181.058337,0.850336749,0.099551684
1182.170987,0.850565657,0.099281241
1183.283637,0.850794286,0.099014792
1184.396287,0.851022313,0.098753024
1185.508937,0.85124945,0.098496626
1186.621587,0.851475413,0.098246288
1187.734237,0.851699922,0.098002698
1188.846887,0.851922694,0.097766546
1189.959537,0.852143448,0.097538521
1191.072187,0.852361903,0.097319311
1192.184838,0.852577775,0.097109588
1193.297488,0.852790783,0.096909329
1194.410138,0.853000646,0.096717617
1195.522788,0.853207081,0.096533477
1196.635438,0.853409807,0.096355935
1197.748088,0.853608542,0.096184015
1198.860738,0.853803004,0.09601674
1199.973388,0.853992911,0.095853137
1201.086038,0.854177982,0.09569223
1202.198688,0.854357933,0.095533044
1203.311338,0.854532485,0.095374602
1204.423989,0.854701354,0.095215931
1205.536639,0.85486426,0.095056055
1206.649289,0.855021047,0.094893998
1207.761939,0.85517208,0.094728785
1208.874589,0.855317858,0.09455944
1209.987239,0.855458878,0.094384998
1211.099889,0.855595636,0.094205085
1212.212539,0.855728631,0.09402032
1213.325189,0.855858359,0.093831417
1214.437839,0.855985319,0.093639091
1215.550489,0.856110006,0.093444055
1216.66314,0.85623292,0.093247022
1217.77579,0.856354557,0.093048706
1218.88844,0.856475414,0.092849822
1220.00109,0.856595989,0.092651082
1221.11374,0.856716779,0.092453201
1222.22639,0.856838282,0.092256892
1223.33904,0.856960995,0.092062867
1224.45169,0.857085416,0.091871458
1225.56434,0.857212041,0.091682238
1226.67699,0.857341368,0.091494684
1227.78964,0.857473895,0.091308275
1228.90229,0.857610118,0.091122492
1230.014941,0.857750536,0.090936811
1231.127591,0.857895646,0.090750713
1232.240241,0.858045944,0.090563676
1233.352891,0.858201848,0.090375179
1234.465541,0.858363238,0.090184702
1235.578191,0.858529776,0.089991722
1236.690841,0.858701121,0.089795719
1237.803491,0.858876934,0.089596418
1238.916141,0.859056877,0.089394139
1240.028791,0.859240609,0.089189296
1241.141441,0.859427792,0.088982303
1242.254092,0.859618086,0.088773572
1243.366742,0.859811151,0.088563516
1244.479392,0.860006649,0.088352549
1245.592042,0.86020424,0.088141084
1246.704692,0.860403584,0.087929533
1247.817342,0.860604343,0.087718311
1248.929992,0.860806176,0.087507829
1250.042642,0.861008745,0.087298501
1251.155292,0.86121171,0.087090741
1252.267942,0.861414732,0.08688496
1253.380592,0.861617472,0.086681573
1254.493243,0.861819589,0.086480993
1255.605893,0.862020773,0.086283632
1256.718543,0.862220989,0.086089904
1257.831193,0.862420364,0.085900221
1258.943843,0.862619024,0.085714998
1260.056493,0.862817097,0.085534482
1261.169143,0.863014711,0.085358365
1262.281793,0.863211994,0.085186213
1263.394443,0.863409073,0.085017595
1264.507093,0.863606075,0.08485208
1265.619743,0.863803128,0.084689236
1266.732393,0.86400036,0.084528632
1267.845044,0.864197899,0.084369837
1268.957694,0.864395871,0.084212418
1270.070344,0.864594405,0.084055945
1271.182994,0.864793627,0.083899985
1272.295644,0.864993667,0.083744108
1273.408294,0.865194627,0.083587882
1274.520944,0.865396269,0.083430875
1275.633594,0.865598103,0.083272788
1276.746244,0.86579963,0.083113904
1277.858894,0.866000352,0.082954668
1278.971544,0.866199772,0.082795524
1280.084195,0.866397391,0.082636915
1281.196845,0.866592712,0.082479287
1282.309495,0.866785236,0.082323082
1283.422145,0.866974467,0.082168745
1284.534795,0.867159906,0.082016721
1285.647445,0.867341054,0.081867452
1286.760095,0.867517416,0.081721385
1287.872745,0.867688491,0.081578961
1288.985395,0.867853783,0.081440627
1290.098045,0.868012794,0.081306825
1291.210695,0.868165025,0.081178
1292.323345,0.86830998,0.081054597
1293.435996,0.868447159,0.080936897
1294.548646,0.868576066,0.080824233
1295.661296,0.86869624,0.080715584
1296.773946,0.868808174,0.080609932
1297.886596,0.868913338,0.080506256
1298.999246,0.869013246,0.080403538
1300.111896,0.869109415,0.080300757
1301.224546,0.86920336,0.080196894
1302.337196,0.869296597,0.080090929
1303.449846,0.86939064,0.079981843
1304.562496,0.869487006,0.079868616
1305.675147,0.869587209,0.079750228
1306.787797,0.869692766,0.079625661
1307.900447,0.869805192,0.079493893
1309.013097,0.869926002,0.079353906
1310.125747,0.870056712,0.079204681
1311.238397,0.870198838,0.079045196
1312.351047,0.870353894,0.078874434
1313.463697,0.87052337,0.078691373
1314.576347,0.870707618,0.078494996
1315.688997,0.870905435,0.078284447
1316.801647,0.871115507,0.078060336
1317.914298,0.871336519,0.077824035
1319.026948,0.871567157,0.07757692
1320.139598,0.871806107,0.077320367
1321.252248,0.872052054,0.077055755
1322.364898,0.872303684,0.076784461
1323.477548,0.872559682,0.076507861
1324.590198,0.872818733,0.076227332
1325.702848,0.873079524,0.075944252
1326.815498,0.873340741,0.075659998
1327.928148,0.873601067,0.075375946
1329.040798,0.87385919,0.075093466
1330.153448,0.874113794,0.074813834
1331.266099,0.874363566,0.074538269
1332.378749,0.87460719,0.074267989
1333.491399,0.874843359,0.074004215
1334.604049,0.875071262,0.073748165
1335.716699,0.875290986,0.073501057
1336.829349,0.875502709,0.07326411
1337.941999,0.875706609,0.073038543
1339.054649,0.875902864,0.072825575
1340.167299,0.876091653,0.072626425
1341.279949,0.876273153,0.072442311
1342.392599,0.876447544,0.072274453
1343.50525,0.876615002,0.072124069
1344.6179,0.876775707,0.071992259
1345.73055,0.876929836,0.071878441
1346.8432,0.877077568,0.071780774
1347.95585,0.877219081,0.071697387
1349.0685,0.877354553,0.071626412
1350.18115,0.877484163,0.071565978
1351.2938,0.877608088,0.071514214
1352.40645,0.877726507,0.071469251
1353.5191,0.877839598,0.071429219
1354.63175,0.877947654,0.071392247
1355.744401,0.878051241,0.071356465
1356.857051,0.878150968,0.071320004
1357.969701,0.878247444,0.071280993
1359.082351,0.878341277,0.071237563
1360.195001,0.878433074,0.071187842
1361.307651,0.878523445,0.071129961
1362.420301,0.878612999,0.071062104
1363.532951,0.878702342,0.070983657
1364.645601,0.878792084,0.070895195
1365.758251,0.878882833,0.070797344
1366.870901,0.878975198,0.070690729
1367.983551,0.879069786,0.070575976
1369.096202,0.879167207,0.07045371
1370.208852,0.879268068,0.070324557
1371.321502,0.879372978,0.070189142
1372.434152,0.879482546,0.07004809
1373.546802,0.879597379,0.069902028
1374.659452,0.879718086,0.06975158
1375.772102,0.879845276,0.069597372
1376.884752,0.879979309,0.06944003
1377.997402,0.880119658,0.069280179
1379.110052,0.880265597,0.069118444
1380.222702,0.880416398,0.068955445
1381.335353,0.880571334,0.068791573
1382.448003,0.880729679,0.068626924
1383.560653,0.880890706,0.068461579
1384.673303,0.881053688,0.068295617
1385.785953,0.881217898,0.068129117
1386.898603,0.881382609,0.067962159
1388.011253,0.881547095,0.067794822
1389.123903,0.881710627,0.067627185
1390.236553,0.881872481,0.067459328
1391.349203,0.882031928,0.06729133
1392.461853,0.882188242,0.06712327
1393.574504,0.882340696,0.066955229
1394.687154,0.882488563,0.066787284
1395.799804,0.882631116,0.066619516
1396.912454,0.882767628,0.066452004
1398.025104,0.882897373,0.066284827
1399.137754,0.883019849,0.066118065
1400.250404,0.883135724,0.065951796
1401.363054,0.883246053,0.065786102
1402.475704,0.883351884,0.065621059
1403.588354,0.883454272,0.06545677
1404.701004,0.883554266,0.06529337
1405.813654,0.883652919,0.065130996
1406.926305,0.883751282,0.064969789
1408.038955,0.883850408,0.064809886
1409.151605,0.883951347,0.064651427
1410.264255,0.884055151,0.064494551
1411.376905,0.884162872,0.064339396
1412.489555,0.884275562,0.064186101
1413.602205,0.884394272,0.064034806
1414.714855,0.884520054,0.063885648
1415.827505,0.884653959,0.063738767
1416.940155,0.88479704,0.063594301
1418.052805,0.884950348,0.06345239
1419.165456,0.885114934,0.063313172
1420.278106,0.88529185,0.063176787
1421.390756,0.885481878,0.063043372
1422.503406,0.885683702,0.062913067
1423.616056,0.885895013,0.06278601
1424.728706,0.8861135,0.062662341
1425.841356,0.886336852,0.062542198
1426.954006,0.886562756,0.062425721
1428.066656,0.8867889,0.062313047
1429.179306,0.887012972,0.062204316
1430.291956,0.88723266,0.062099495
1431.404607,0.887445653,0.061998121
1432.517257,0.887649637,0.06189966
1433.629907,0.887842303,0.061803579
1434.742557,0.888021336,0.061709346
1435.855207,0.888184426,0.061616428
1436.967857,0.888329521,0.061524292
1438.080507,0.888457223,0.061432406
1439.193157,0.888569682,0.061340236
1440.305807,0.88866907,0.061247249
1441.418457,0.888757554,0.061152914
1442.531107,0.888837305,0.061056697
1443.643757,0.888910492,0.060958064
1444.756408,0.888979286,0.060856485
1445.869058,0.889045856,0.060751425
1446.981708,0.889112372,0.060642352
1448.094358,0.889181003,0.060528733
1449.207008,0.889253919,0.060410036
1450.319658,0.88933318,0.060285727
1451.432308,0.889419349,0.060155274
1452.544958,0.889511905,0.060018414
1453.657608,0.889610306,0.059875879
1454.770258,0.889714006,0.059728626
1455.882908,0.889822461,0.059577613
1456.995559,0.889935127,0.0594238
1458.108209,0.890051461,0.059268143
1459.220859,0.890170917,0.059111602
1460.333509,0.890292952,0.058955134
1461.446159,0.890417022,0.058799697
1462.558809,0.890542583,0.05864625
1463.671459,0.89066909,0.058495751
1464.784109,0.890795999,0.058349158
1465.896759,0.890922767,0.058207429
1467.009409,0.891048848,0.058071522
1468.122059,0.8911737,0.057942395
1469.23471,0.891296777,0.057821008
1470.34736,0.891417553,0.057708108
1471.46001,0.891535859,0.057603435
1472.57266,0.891651881,0.057506424
1473.68531,0.891765821,0.057416507
1474.79796,0.891877878,0.057333119
1475.91061,0.891988253,0.057255695
1477.02326,0.892097147,0.057183667
1478.13591,0.892204761,0.05711647
1479.24856,0.892311294,0.057053538
1480.36121,0.892416947,0.056994305
1481.47386,0.892521922,0.056938205
1482.586511,0.892626417,0.056884671
1483.699161,0.892730635,0.056833138
1484.811811,0.892834775,0.05678304
1485.924461,0.892939038,0.056733811
1487.037111,0.893043625,0.056684884
1488.149761,0.893148736,0.056635694
1489.262411,0.893254572,0.056585674
1490.375061,0.893361333,0.056534259
1491.487711,0.89346922,0.056480882
1492.600361,0.893578432,0.056424978
1493.713011,0.893689129,0.056365981
1494.825662,0.893801413,0.056303324
1495.938312,0.893915384,0.056236441
1497.050962,0.894031141,0.056164817
1498.163612,0.894148782,0.056088338
1499.276262,0.894268408,0.056007076
1500.388912,0.894390116,0.055921107
1501.501562,0.894514007,0.055830505
1502.614212,0.894640179,0.055735347
1503.726862,0.894768731,0.055635705
1504.839512,0.894899763,0.055531656
1505.952162,0.895033374,0.055423274
1507.064812,0.895169662,0.055310635
1508.177463,0.895308727,0.055193812
1509.290113,0.895450668,0.055072881
1510.402763,0.895595584,0.054947917
1511.515413,0.895743574,0.054818995
1512.628063,0.895894737,0.05468619
1513.740713,0.896049173,0.054549576
1514.853363,0.896206977,0.054409256
1515.966013,0.896367888,0.054265636
1517.078663,0.896530961,0.054119306
1518.191313,0.896695174,0.05397086
1519.303963,0.896859503,0.053820894
1520.416614,0.897022926,0.05367
1521.529264,0.897184422,0.053518774
1522.641914,0.897342966,0.053367809
1523.754564,0.897497538,0.053217699
1524.867214,0.897647114,0.053069038
1525.979864,0.897790671,0.052922421
1527.092514,0.897927188,0.052778442
1528.205164,0.898055642,0.052637694
1529.317814,0.898175011,0.052500773
1530.430464,0.898284273,0.052368271
1531.543114,0.898383047,0.052240784
1532.655765,0.898472493,0.052118905
1533.768415,0.898554002,0.052003228
1534.881065,0.898628962,0.051894348
1535.993715,0.898698763,0.051792858
1537.106365,0.898764796,0.051699354
1538.219015,0.898828449,0.051614428
1539.331665,0.898891112,0.051538633
1540.444315,0.898954174,0.051471772
1541.556965,0.899019026,0.051413002
1542.669615,0.899087057,0.051361457
1543.782265,0.899159657,0.051316273
1544.894915,0.899238214,0.051276584
1546.007566,0.899324119,0.051241525
1547.120216,0.89941832,0.051210233
1548.232866,0.899520367,0.051181841
1549.345516,0.899629532,0.051155485
1550.458166,0.899745089,0.051130301
1551.570816,0.899866309,0.051105422
1552.683466,0.899992466,0.051079984
1553.796116,0.900122833,0.051053123
1554.908766,0.900256682,0.051023973
1556.021416,0.900393286,0.05099167
1557.134066,0.900531918,0.050955348
1558.246717,0.900671851,0.050914142
1559.359367,0.900812358,0.0508672
1560.472017,0.900952711,0.050814036
1561.584667,0.901092183,0.050754601
1562.697317,0.901230046,0.050688869
1563.809967,0.901365575,0.050616816
1564.922617,0.901498041,0.050538417
1566.035267,0.901626717,0.050453648
1567.147917,0.901751056,0.050362483
1568.260567,0.901871307,0.050264899
1569.373217,0.901987937,0.050160869
1570.485868,0.902101414,0.05005037
1571.598518,0.902212205,0.049933377
1572.711168,0.902320778,0.049809866
1573.823818,0.902427601,0.04967981
1574.936468,0.902533142,0.049543186
1576.049118,0.902637868,0.049399969
1577.161768,0.902742246,0.049250143
1578.274418,0.902846746,0.049094162
1579.387068,0.902951833,0.048933201
1580.499718,0.903057977,0.048768497
1581.612368,0.903165644,0.048601286
1582.725018,0.903275302,0.048432803
1583.837669,0.903387419,0.048264284
1584.950319,0.903502463,0.048096966
1586.062969,0.903620901,0.047932085
1587.175619,0.903743202,0.047770876
1588.288269,0.903869832,0.047614576
1589.400919,0.904001259,0.04746442
1590.513569,0.904137952,0.047321645
1591.626219,0.904280274,0.047187486
1592.738869,0.904427895,0.04706318
1593.851519,0.9045802,0.046949963
1594.964169,0.904736572,0.046849069
1596.07682,0.904896393,0.046761737
1597.18947,0.905059048,0.046689201
1598.30212,0.905223917,0.046632697
1599.41477,0.905390386,0.046593462
1600.52742,0.905557836,0.046572731
1601.64007,0.905725652,0.046571733
1602.75272,0.905893215,0.046590324
1603.86537,0.90605991,0.04662539
1604.97802,0.906225118,0.046673433
1606.09067,0.906388224,0.046730953
1607.20332,0.90654861,0.04679445
1608.315971,0.906705659,0.046860426
1609.428621,0.906858754,0.046925379
1610.541271,0.907007279,0.046985811
1611.653921,0.907150616,0.047038223
1612.766571,0.907288149,0.047079115
1613.879221,0.90741926,0.047104986
1614.991871,0.907543333,0.047112339
1616.104521,0.907659788,0.047097673
1617.217171,0.90776844,0.04705749
1618.329821,0.907869331,0.04698976
1619.442471,0.907962506,0.046896719
1620.555121,0.908048013,0.046781374
1621.667772,0.908125896,0.046646731
1622.780422,0.908196201,0.046495796
1623.893072,0.908258975,0.046331578
1625.005722,0.908314263,0.046157081
1626.118372,0.908362111,0.045975313
1627.231022,0.908402564,0.045789281
1628.343672,0.90843567,0.04560199
1629.456322,0.908461472,0.045416448
1630.568972,0.908480019,0.045235661
1631.681622,0.908491391,0.045062636
1632.794272,0.908496217,0.044900379
1633.906923,0.908495532,0.044751897
1635.019573,0.908490381,0.044620197
1636.132223,0.90848181,0.044507476
1637.244873,0.908470863,0.04441289
1638.357523,0.908458587,0.044334878
1639.470173,0.908446026,0.044271882
1640.582823,0.908434227,0.044222341
1641.695473,0.908424234,0.044184695
1642.808123,0.908417093,0.044157384
1643.920773,0.908413849,0.044138848
1645.033423,0.908415548,0.044127527
1646.146074,0.908423235,0.044121861
1647.258724,0.908437955,0.04412029
1648.371374,0.908460754,0.044121255
1649.484024,0.908492678,0.044123195
1650.596674,0.908534771,0.04412455
1651.709324,0.908588079,0.04412376
1652.821974,0.908653648,0.044119266
1653.934624,0.908732522,0.044109507
1655.047274,0.908825748,0.044092923
1656.159924,0.90893437,0.044067955
1657.272574,0.909059434,0.044033042
1658.385224,0.909201986,0.043986625
1659.497875,0.90936307,0.043927144
1660.610525,0.909543733,0.043853038
1661.723175,0.909745019,0.043762747
1662.835825,0.909967974,0.043654712
1663.948475,0.910213644,0.043527373